loss,num_features,frequency,percentage,combination
0.41758241758241754,1,200,20.0,"0,0,0,0,0,0,0,0,0,0,0,1,0"
0.36080586080586063,6,200,20.0,"1,1,1,1,0,0,0,0,0,0,1,1,0"
0.3611721611721611,3,200,20.0,"0,1,0,0,0,0,1,0,0,0,0,1,0"
0.36923076923076914,2,200,20.0,"0,0,1,0,0,0,0,0,0,0,0,1,0"
0.3516483516483515,7,200,20.0,"1,1,1,1,0,1,0,0,0,0,1,1,0"
