Run Counts,Mean Feature Count,Mean Loss,Mean Best Cost
10,2,0.042857142857142816,0.022222222222222216
